{
 "0": [
  0.3888111888111888,
  0.6111888111888112
 ],
 "2": [
  0.4174825174825175,
  0.5825174825174826
 ],
 "3": [
  0.23076923076923075,
  0.7692307692307692
 ],
 "4": [
  0.6054195804195804,
  0.39458041958041956
 ],
 "5": [
  0.6021561771561771,
  0.39784382284382286
 ]
}