{
 "var": [
  0,
  1,
  2,
  3,
  4
 ],
 "card": [
  2,
  2,
  3,
  2,
  2
 ],
 "val": [
  0.0114,
  0.0234,
  9.999999999999999e-05,
  0.0008999999999999999,
  0.0621,
  0.0088,
  0.002999999999999998,
  0.002799999999999999,
  0.11660000000000001,
  0.005100000000000001,
  0.0237,
  0.0049,
  0.1099,
  0.2128,
  0.0009999999999999998,
  0.011099999999999997,
  0.1019,
  0.012399999999999998,
  0.005300000000000002,
  0.004300000000000001,
  0.0008999999999999999,
  0.0,
  0.00019999999999999993,
  0.0,
  0.00019999999999999996,
  0.0010999999999999998,
  0.0006000000000000001,
  0.004600000000000001,
  0.0044,
  0.0008999999999999999,
  0.015000000000000001,
  0.0131,
  0.006,
  9.999999999999998e-05,
  0.1024,
  0.0171,
  0.0059,
  0.011699999999999999,
  0.005500000000000001,
  0.045000000000000005,
  0.0049,
  0.0003999999999999999,
  0.0197,
  0.017499999999999998,
  9.999999999999996e-05,
  0.0,
  0.0012,
  0.0
 ]
}