{
 "var": [
  0,
  1,
  3,
  4
 ],
 "card": [
  2,
  2,
  2,
  2
 ],
 "val": [
  0.2346595736820718,
  0.03103180760279286,
  0.015054120950164394,
  0.00997450958661199,
  0.35538808230817537,
  0.048173187040526054,
  0.021519080867412912,
  0.01252355092541283,
  0.01152609996675164,
  0.00171413794377332,
  0.050796113635524026,
  0.04344453064390999,
  0.019653478148435488,
  0.0027189774280542314,
  0.0805349292548672,
  0.06128782001551589
 ]
}