{
 "var": [
  0,
  1,
  2,
  3,
  4,
  5,
  6,
  7,
  8,
  9
 ],
 "card": [
  2,
  2,
  2,
  2,
  2,
  2,
  2,
  2,
  2,
  2
 ],
 "val": [
  0.0,
  0.0,
  0.0,
  0.0,
  0.0,
  0.0001,
  0.0,
  0.0002,
  0.0,
  0.0006000000000000001,
  0.0005,
  0.00030000000000000003,
  0.0,
  0.0002,
  0.0,
  0.0001,
  0.0,
  0.0,
  0.0,
  0.0,
  0.0001,
  0.0012000000000000001,
  0.0001,
  0.0002,
  0.0002,
  0.0009,
  0.0007000000000000001,
  0.0005,
  0.0,
  0.0011,
  0.0006000000000000001,
  0.002,
  0.0,
  0.0,
  0.0,
  0.0,
  0.0,
  0.00030000000000000003,
  0.0,
  0.0,
  0.0001,
  0.0002,
  0.0001,
  0.0,
  0.0,
  0.0,
  0.0,
  0.0,
  0.0,
  0.0,
  0.0001,
  0.0001,
  0.0,
  0.0009,
  0.0001,
  0.00030000000000000003,
  0.0,
  0.0001,
  0.0,
  0.0,
  0.0,
  0.0,
  0.0002,
  0.0002,
  0.0001,
  0.0002,
  0.00030000000000000003,
  0.0005,
  0.0,
  0.0011,
  0.00030000000000000003,
  0.0007000000000000001,
  0.0005,
  0.0012000000000000001,
  0.0008,
  0.001,
  0.0,
  0.0004,
  0.0002,
  0.0009,
  0.0,
  0.0002,
  0.0002,
  0.00030000000000000003,
  0.001,
  0.008400000000000001,
  0.0006000000000000001,
  0.0045000000000000005,
  0.0008,
  0.0014000000000000002,
  0.0008,
  0.0011,
  0.0002,
  0.0023,
  0.0015000000000000002,
  0.0082,
  0.0,
  0.00030000000000000003,
  0.0001,
  0.0007000000000000001,
  0.0002,
  0.0012000000000000001,
  0.0001,
  0.001,
  0.0,
  0.0001,
  0.0002,
  0.0001,
  0.0,
  0.0,
  0.0,
  0.0002,
  0.0001,
  0.0004,
  0.0008,
  0.0011,
  0.0009,
  0.0106,
  0.0007000000000000001,
  0.0055000000000000005,
  0.0,
  0.0002,
  0.0001,
  0.0001,
  0.0,
  0.0,
  0.0001,
  0.0002,
  0.0,
  0.0,
  0.0,
  0.0001,
  0.0001,
  0.0002,
  0.0,
  0.0001,
  0.0002,
  0.0002,
  0.00030000000000000003,
  0.0001,
  0.0,
  0.0001,
  0.0002,
  0.0001,
  0.0,
  0.0001,
  0.0001,
  0.0001,
  0.0002,
  0.0017000000000000001,
  0.0002,
  0.0007000000000000001,
  0.0005,
  0.0016,
  0.0011,
  0.0005,
  0.0001,
  0.0017000000000000001,
  0.0013,
  0.0061,
  0.0,
  0.0,
  0.0,
  0.0,
  0.0002,
  0.0,
  0.0,
  0.0002,
  0.0,
  0.0,
  0.0,
  0.0,
  0.0,
  0.0,
  0.0,
  0.0,
  0.0,
  0.0001,
  0.0,
  0.0001,
  0.00030000000000000003,
  0.0024000000000000002,
  0.0007000000000000001,
  0.001,
  0.0002,
  0.0,
  0.0002,
  0.00030000000000000003,
  0.0001,
  0.0,
  0.0002,
  0.0007000000000000001,
  0.0001,
  0.0,
  0.0002,
  0.0005,
  0.0001,
  0.0021000000000000003,
  0.00030000000000000003,
  0.0005,
  0.0009,
  0.0018,
  0.0009,
  0.0009,
  0.0,
  0.00030000000000000003,
  0.0004,
  0.0015000000000000002,
  0.00030000000000000003,
  0.00030000000000000003,
  0.0008,
  0.0015000000000000002,
  0.0019000000000000002,
  0.0183,
  0.0019000000000000002,
  0.0092,
  0.0013,
  0.0046,
  0.0037,
  0.0029000000000000002,
  0.0004,
  0.0045000000000000005,
  0.0027000000000000006,
  0.015500000000000002,
  0.0,
  0.0,
  0.0001,
  0.0005,
  0.0004,
  0.0021000000000000003,
  0.0001,
  0.0008,
  0.0,
  0.0,
  0.00030000000000000003,
  0.0002,
  0.0,
  0.0001,
  0.0001,
  0.0001,
  0.00030000000000000003,
  0.0005,
  0.0014000000000000002,
  0.0023,
  0.0021000000000000003,
  0.020700000000000003,
  0.0025,
  0.0104,
  0.00030000000000000003,
  0.0007000000000000001,
  0.0004,
  0.0004,
  0.0002,
  0.0001,
  0.0005,
  0.0019000000000000002,
  0.0,
  0.0,
  0.0,
  0.0,
  0.0,
  0.0,
  0.0,
  0.0,
  0.0,
  0.0001,
  0.0,
  0.0001,
  0.0,
  0.0,
  0.0,
  0.0001,
  0.0,
  0.0,
  0.0,
  0.0002,
  0.0001,
  0.0029000000000000002,
  0.0006000000000000001,
  0.0012000000000000001,
  0.0011,
  0.0022,
  0.0013,
  0.0017000000000000001,
  0.00030000000000000003,
  0.0032,
  0.0019000000000000002,
  0.0067,
  0.0,
  0.0,
  0.0,
  0.0,
  0.0,
  0.0001,
  0.0,
  0.0,
  0.0,
  0.0,
  0.0,
  0.0,
  0.0,
  0.0,
  0.0,
  0.0,
  0.0,
  0.0,
  0.0002,
  0.0,
  0.0005,
  0.0035,
  0.0002,
  0.0012000000000000001,
  0.0001,
  0.00030000000000000003,
  0.0004,
  0.0002,
  0.0,
  0.0004,
  0.0,
  0.0007000000000000001,
  0.0,
  0.0,
  0.0,
  0.0002,
  0.0,
  0.0,
  0.0,
  0.0001,
  0.0,
  0.0,
  0.0001,
  0.0,
  0.0,
  0.0001,
  0.0,
  0.0001,
  0.0,
  0.0001,
  0.0004,
  0.0002,
  0.0002,
  0.0066,
  0.0012000000000000001,
  0.0032,
  0.0005,
  0.0015000000000000002,
  0.0009,
  0.0011,
  0.0001,
  0.0016,
  0.0009,
  0.004,
  0.0,
  0.0,
  0.0,
  0.0,
  0.0,
  0.0,
  0.0,
  0.0,
  0.0,
  0.0,
  0.0,
  0.0,
  0.0,
  0.0,
  0.0,
  0.0,
  0.0,
  0.0002,
  0.0005,
  0.0005,
  0.0007000000000000001,
  0.0071,
  0.0007000000000000001,
  0.0036,
  0.0001,
  0.0001,
  0.0,
  0.00030000000000000003,
  0.0,
  0.00030000000000000003,
  0.0004,
  0.0007000000000000001,
  0.0,
  0.0,
  0.0,
  0.0,
  0.0001,
  0.00030000000000000003,
  0.0002,
  0.0005,
  0.0008,
  0.002,
  0.0016,
  0.0014000000000000002,
  0.0,
  0.0004,
  0.0006000000000000001,
  0.002,
  0.0,
  0.0,
  0.0,
  0.00030000000000000003,
  0.0,
  0.0043,
  0.0001,
  0.0015000000000000002,
  0.0014000000000000002,
  0.0025,
  0.0018,
  0.0030000000000000005,
  0.00030000000000000003,
  0.0022,
  0.0023,
  0.007600000000000001,
  0.0,
  0.0,
  0.0004,
  0.0004,
  0.0,
  0.0011,
  0.0,
  0.0005,
  0.0001,
  0.0006000000000000001,
  0.0001,
  0.0002,
  0.0001,
  0.0001,
  0.0001,
  0.00030000000000000003,
  0.0,
  0.0,
  0.00030000000000000003,
  0.0004,
  0.00030000000000000003,
  0.005700000000000001,
  0.0002,
  0.002,
  0.0,
  0.00030000000000000003,
  0.0,
  0.0001,
  0.0,
  0.00030000000000000003,
  0.0004,
  0.0017000000000000001,
  0.0001,
  0.0002,
  0.0001,
  0.00030000000000000003,
  0.0,
  0.0011,
  0.0,
  0.0002,
  0.0004,
  0.0012000000000000001,
  0.0013,
  0.0011,
  0.0,
  0.0008,
  0.00030000000000000003,
  0.0011,
  0.0001,
  0.0002,
  0.00030000000000000003,
  0.0005,
  0.0007000000000000001,
  0.007,
  0.0007000000000000001,
  0.0037,
  0.0004,
  0.0012000000000000001,
  0.0011,
  0.0015000000000000002,
  0.0005,
  0.0022,
  0.0016,
  0.0069,
  0.0,
  0.0004,
  0.0005,
  0.0007000000000000001,
  0.0001,
  0.0015000000000000002,
  0.0002,
  0.0002,
  0.0,
  0.00030000000000000003,
  0.0,
  0.0004,
  0.0,
  0.0,
  0.0,
  0.0001,
  0.0001,
  0.0002,
  0.0006000000000000001,
  0.0005,
  0.0009,
  0.0098,
  0.0008,
  0.0035,
  0.0,
  0.0,
  0.0002,
  0.0,
  0.0001,
  0.0005,
  0.0001,
  0.0008,
  0.0001,
  0.0001,
  0.0,
  0.0002,
  0.0002,
  0.0006000000000000001,
  0.0002,
  0.0001,
  0.0006000000000000001,
  0.0024000000000000002,
  0.0012000000000000001,
  0.0016,
  0.0,
  0.0008,
  0.0005,
  0.0013,
  0.0,
  0.0001,
  0.0001,
  0.0002,
  0.0004,
  0.0037,
  0.0004,
  0.0018,
  0.0017000000000000001,
  0.0024000000000000002,
  0.0022,
  0.0018,
  0.00030000000000000003,
  0.0028000000000000004,
  0.0024000000000000002,
  0.008700000000000001,
  0.0001,
  0.0,
  0.0,
  0.0,
  0.0001,
  0.0006000000000000001,
  0.0,
  0.0,
  0.0,
  0.0,
  0.0001,
  0.0,
  0.0,
  0.0,
  0.0,
  0.0001,
  0.0001,
  0.0,
  0.0,
  0.00030000000000000003,
  0.0002,
  0.0030000000000000005,
  0.0001,
  0.0016,
  0.0,
  0.0002,
  0.00030000000000000003,
  0.0001,
  0.0001,
  0.0002,
  0.0001,
  0.0008,
  0.0001,
  0.0,
  0.0,
  0.0002,
  0.0,
  0.0001,
  0.0,
  0.0001,
  0.0,
  0.0,
  0.0001,
  0.0002,
  0.0,
  0.0,
  0.0,
  0.0001,
  0.0,
  0.0001,
  0.0001,
  0.0,
  0.0001,
  0.0012000000000000001,
  0.0001,
  0.0,
  0.0,
  0.0002,
  0.0001,
  0.00030000000000000003,
  0.0001,
  0.00030000000000000003,
  0.0002,
  0.00030000000000000003,
  0.0,
  0.0,
  0.0001,
  0.0,
  0.0,
  0.0002,
  0.0,
  0.0001,
  0.0,
  0.0,
  0.0,
  0.0,
  0.0,
  0.0,
  0.0,
  0.0001,
  0.0,
  0.0,
  0.0001,
  0.0,
  0.0004,
  0.0012000000000000001,
  0.0001,
  0.0006000000000000001,
  0.0,
  0.0,
  0.0001,
  0.0,
  0.0,
  0.0001,
  0.0001,
  0.0,
  0.0,
  0.0001,
  0.0002,
  0.0002,
  0.0,
  0.0007000000000000001,
  0.0,
  0.0001,
  0.00030000000000000003,
  0.0025,
  0.0015000000000000002,
  0.0017000000000000001,
  0.0001,
  0.00030000000000000003,
  0.0004,
  0.0021000000000000003,
  0.0,
  0.0001,
  0.0001,
  0.0004,
  0.0006000000000000001,
  0.007,
