{
 "var": [
  0,
  1,
  3,
  4,
  6,
  7,
  8,
  9
 ],
 "card": [
  2,
  2,
  2,
  2,
  2,
  2,
  2,
  2
 ],
 "val": [
  0.0,
  0.0006480272907856777,
  0.0,
  0.00016200682269641942,
  0.0,
  2.9455785944803537e-05,
  3.6819732431004425e-05,
  0.0,
  0.00030376279255578647,
  0.0030781296312319697,
  0.0002025085283705243,
  0.001134047758874936,
  9.204933107751104e-05,
  0.0002945578594480354,
  0.00016568879593951993,
  0.0008836735783441062,
  0.0006075255851115729,
  0.00599425243976752,
  0.0009112883776673593,
  0.0022680955177498724,
  1.8409866215502216e-05,
  0.00017673471566882125,
  9.204933107751107e-05,
  0.00032401364539283895,
  0.0031388821897431274,
  0.03240136453928389,
  0.004252679095781012,
  0.01539064815615985,
  0.0001656887959395199,
  0.0009131293642889096,
  0.0007179847824045864,
  0.0025331975912531043,
  0.0,
  0.0003240136453928389,
  0.0,
  0.0006480272907856778,
  0.0,
  5.891157188960708e-05,
  5.522959864650663e-05,
  0.00020619050161362485,
  0.0014175596985936698,
  0.006318266085160358,
  0.0009112883776673595,
  0.00291612280853555,
  5.522959864650663e-05,
  0.0007363946486200883,
  0.0002025085283705243,
  0.002356462875584283,
  0.0010125426418526218,
  0.007290307021338877,
  0.0011137969060378838,
  0.002592109163142712,
  1.8409866215502212e-05,
  0.00020619050161362474,
  0.00016568879593951993,
  0.0005596599329512672,
  0.00607525585111573,
  0.07581919302192432,
  0.008505358191562023,
  0.0408257193194977,
  0.00016568879593951988,
  0.0021797281599154616,
  0.0012518709026541504,
  0.005596599329512672,
  0.0,
  0.00016200682269641945,
  0.0,
  0.0,
  0.0,
  0.0,
  0.0,
  0.0,
  0.0016200682269641943,
  0.015390648156159847,
  0.001316305434408408,
  0.005670238794374681,
  7.363946486200884e-05,
  0.001148775651847338,
  0.0004970663878185596,
  0.0031812248820387834,
  0.0,
  0.0,
  0.0,
  0.00032401364539283895,
  0.0,
  0.0,
  0.0,
  2.9455785944803554e-05,
  0.0022275938120757677,
  0.03240136453928389,
  0.00232884807626103,
  0.01409459357458849,
  0.00011045919729301325,
  0.000883673578344106,
  0.0005154762540340621,
  0.0025037418053083017,
  0.0006075255851115729,
  0.004050170567410486,
  0.00020250852837052434,
  0.0012960545815713558,
  1.8409866215502212e-05,
  0.0002945578594480354,
  0.00012886906350851547,
  0.0010604082940129278,
  0.0015188139627789318,
  0.017172723205820462,
  0.0022275938120757677,
  0.006318266085160358,
  0.00022091839458602652,
  0.0015906124410193909,
  0.0007916242472665951,
  0.004123810032272496,
  0.0005062713209263109,
  0.0056702387943746825,
  0.0007087798492968352,
  0.0034021432766248093,
  1.8409866215502212e-05,
  0.0002945578594480354,
  0.0002209183945860265,
  0.00044183678917205326,
  0.0029363736613726033,
  0.030781296312319694,
  0.004556441888336798,
  0.016524695915034783,
  0.00011045919729301326,
  0.0007953062205096953,
  0.0004786565216030575,
  0.0031517690960939787,
  0.00010125426418526217,
  0.0017820750496606134,
  0.00010125426418526218,
  0.0012960545815713554,
  1.8409866215502212e-05,
  0.00020619050161362474,
  7.363946486200885e-05,
  0.0006185715048408746,
  0.0012150511702231459,
  0.013122552638409973,
  0.001518813962778932,
  0.007614320666731713,
  9.204933107751104e-05,
  0.0010898640799577308,
  0.0008100341134820975,
  0.0037408848149900497,
  0.00010125426418526217,
  0.00032401364539283895,
  0.00010125426418526217,
  0.0006480272907856779,
  0.0,
  2.945578594480354e-05,
  1.8409866215502212e-05,
  2.945578594480354e-05,
  0.00030376279255578647,
  0.004050170567410486,
  0.0003037627925557866,
  0.0006480272907856778,
  1.8409866215502212e-05,
  0.00014727892972401767,
  7.363946486200885e-05,
  0.00032401364539283895,
  0.0003037627925557866,
  0.0024301023404462913,
  0.0003037627925557866,
  0.001134047758874936,
  0.0,
  0.00023564628755842832,
  0.0001656887959395199,
  0.0005596599329512675,
  0.002632610868816816,
  0.025273064340641433,
  0.0033413907181136515,
  0.012960545815713556,
  0.0002945578594480354,
  0.0020913608020810513,
  0.0015648386283176876,
  0.008159252706710581,
  0.0,
  0.00048602046808925837,
  0.00010125426418526217,
  0.0,
  0.0,
  0.0,
  1.8409866215502212e-05,
  5.8911571889607094e-05,
  0.0005062713209263109,
  0.006480272907856778,
  0.0011137969060378838,
  0.003726156922017647,
  0.0,
  0.0002356462875584283,
  0.0001472789297240177,
  0.0007363946486200888,
  0.0,
  0.0,
  0.0,
  0.0,
  0.0,
  2.9455785944803537e-05,
  0.0,
  8.836735783441065e-05,
  0.0017213224911494563,
  0.02511105751794501,
  0.002936373661372602,
  0.01328455946110639,
  0.00038660719052554637,
  0.0024742860193634974,
  0.0012886906350851547,
  0.006509728693801584,
  0.00010125426418526218,
  0.0001620068226964195,
  0.0,
  0.0004860204680892585,
  0.0,
  2.945578594480354e-05,
  0.0,
  2.9455785944803547e-05,
  0.00516396747344837,
  0.06723283141901408,
  0.006480272907856779,
  0.03564150099321228,
  0.00016568879593951988,
  0.001325510367516159,
  0.001049362374283626,
  0.005095850968451012,
  0.0008100341134820975,
  0.006480272907856779,
  0.0006075255851115729,
  0.0019440818723570335,
  1.8409866215502216e-05,
  0.00038292521728244605,
  0.00038660719052554653,
  0.0013255103675161597,
  0.003240136453928388,
  0.03402143276624809,
  0.00324013645392839,
  0.017496736851213304,
  0.00027614799323253314,
  0.003210680667983586,
  0.002025085283705243,
  0.008188708492655386,
  0.0020250852837052436,
  0.01684870956042763,
  0.0012150511702231459,
  0.008424354780213816,
  5.5229598646506644e-05,
  0.00047129257511685664,
  0.0002209183945860265,
  0.0013255103675161597,
  0.00840410392737676,
  0.08246147275247749,
  0.008606612455747283,
  0.04050170567410486,
  0.00014727892972401773,
  0.0018851703004674257,
  0.0015280188958866838,
  0.006627551837580797
 ]
}