{
 "0": {
  "variance": 0.9742344563121543,
  "bias": -0.0452567074901954
 }
}