{
 "0": {
  "variance": 0.8977955190621965,
  "bias": -0.004724681514974184
 },
 "1": {
  "variance": 0.09855837347633398,
  "bias": 0.28892301594603154,
  "0": 0.4943545594542919
 },
 "2": {
  "variance": 1.4093760292889548,
  "bias": 0.2613290038160578,
  "0": -0.4956840259024798,
  "1": 0.7503921753237107
 }
}