{
 "0": {
  "variance": 0.9974877408077156,
  "bias": -0.002001361888785094
 },
 "1": {
  "variance": 0.0999585102189341,
  "bias": 0.30168077691928985,
  "0": 0.5007563285952903
 },
 "2": {
  "variance": 1.4939431801634768,
  "bias": 0.30098728059031016,
  "0": -0.505331027080702,
  "1": 0.8015230035544886
 }
}