{
 "var": [
  0,
  1,
  2,
  3,
  4
 ],
 "card": [
  2,
  2,
  3,
  2,
  2
 ],
 "val": [
  0.0123,
  0.0249,
  0.0,
  0.0011,
  0.0654,
  0.0095,
  0.0031,
  0.0029000000000000002,
  0.1184,
  0.0055000000000000005,
  0.023700000000000002,
  0.0036,
  0.1028,
  0.21630000000000002,
  0.0024000000000000002,
  0.0111,
  0.0949,
  0.0136,
  0.0042,
  0.0063,
  0.001,
  0.0,
  0.00030000000000000003,
  0.0,
  0.0005,
  0.0014000000000000002,
  0.0005,
  0.0041,
  0.0029000000000000002,
  0.0,
  0.016200000000000003,
  0.0106,
  0.005600000000000001,
  0.0004,
  0.0999,
  0.0212,
  0.0047,
  0.0123,
  0.007600000000000001,
  0.0439,
  0.0042,
  0.0005,
  0.021400000000000002,
  0.0172,
  0.0001,
  0.0,
  0.0014000000000000002,
  0.0001
 ]
}