{
 "var": [
  0,
  1,
  3,
  4
 ],
 "card": [
  2,
  2,
  2,
  2
 ],
 "val": [
  0.23772567901871794,
  0.0318245667073445,
  0.01152128949958892,
  0.009069559094076397,
  0.3533441234049926,
  0.047781091812695166,
  0.018157552251352137,
  0.01648005250021199,
  0.012830107986742221,
  0.0011502855436389577,
  0.05336661296209587,
  0.041255433440128,
  0.017106810648989626,
  0.002389054590634758,
  0.08018817491713887,
  0.06580960562165189
 ]
}