{
 "var": [
  0,
  1,
  2,
  3,
  4,
  5,
  6,
  7,
  8,
  9
 ],
 "card": [
  2,
  2,
  2,
  2,
  2,
  2,
  2,
  2,
  2,
  2
 ],
 "val": [
  0.0001,
  0.0,
  0.0001,
  0.0002,
  0.0,
  0.0001,
  0.0,
  0.0001,
  0.0003,
  0.0005,
  0.0002,
  0.0003,
  0.0,
  0.0002,
  0.0,
  0.0002,
  0.0,
  0.0,
  0.0001,
  0.0001,
  0.0003,
  0.0008,
  0.0002,
  0.0003,
  0.0002,
  0.0012,
  0.0004,
  0.0006,
  0.0001,
  0.0011,
  0.0005,
  0.0021,
  0.0,
  0.0001,
  0.0,
  0.0,
  0.0001,
  0.0003,
  0.0,
  0.0001,
  0.0,
  0.0001,
  0.0001,
  0.0,
  0.0,
  0.0,
  0.0001,
  0.0,
  0.0,
  0.0,
  0.0001,
  0.0001,
  0.0002,
  0.0007,
  0.0,
  0.0004,
  0.0,
  0.0002,
  0.0,
  0.0,
  0.0,
  0.0,
  0.0,
  0.0004,
  0.0,
  0.0001,
  0.0006,
  0.0002,
  0.0003,
  0.0016,
  0.0003,
  0.0011,
  0.0006,
  0.0012,
  0.0008,
  0.0009,
  0.0001,
  0.0002,
  0.0004,
  0.0011,
  0.0001,
  0.0003,
  0.0002,
  0.0003,
  0.0006,
  0.0081,
  0.0007,
  0.0037,
  0.0007,
  0.002,
  0.0013,
  0.0015,
  0.0002,
  0.0019,
  0.0015,
  0.0061,
  0.0,
  0.0002,
  0.0007,
  0.0001,
  0.0001,
  0.0015,
  0.0002,
  0.0005,
  0.0,
  0.0003,
  0.0,
  0.0004,
  0.0,
  0.0002,
  0.0,
  0.0001,
  0.0,
  0.0004,
  0.0004,
  0.0005,
  0.0011,
  0.0089,
  0.0008,
  0.005900000000000001,
  0.0002,
  0.0005,
  0.0002,
  0.0003,
  0.0001,
  0.0002,
  0.0004,
  0.0005,
  0.0,
  0.0,
  0.0001,
  0.0,
  0.0,
  0.0002,
  0.0001,
  0.0,
  0.0001,
  0.0004,
  0.0003,
  0.0002,
  0.0,
  0.0002,
  0.0,
  0.0006,
  0.0,
  0.0,
  0.0,
  0.0002,
  0.0001,
  0.001,
  0.0,
  0.001,
  0.0003,
  0.0016,
  0.0018,
  0.0006,
  0.0002,
  0.0012,
  0.001,
  0.0052,
  0.0,
  0.0,
  0.0,
  0.0,
  0.0,
  0.0,
  0.0,
  0.0001,
  0.0001,
  0.0,
  0.0001,
  0.0,
  0.0,
  0.0,
  0.0,
  0.0,
  0.0,
  0.0,
  0.0004,
  0.0002,
  0.0003,
  0.0016,
  0.0002,
  0.0007,
  0.0,
  0.0,
  0.0,
  0.0,
  0.0,
  0.0002,
  0.0,
  0.0005,
  0.0,
  0.0,
  0.0003,
  0.0,
  0.0002,
  0.0014,
  0.0001,
  0.0007,
  0.0009,
  0.0013,
  0.001,
  0.0009,
  0.0,
  0.0005,
  0.0002,
  0.0015,
  0.0001,
  0.0004,
  0.0012,
  0.0009,
  0.0015,
  0.0164,
  0.0019,
  0.0076,
  0.0015,
  0.004,
  0.0043,
  0.0036,
  0.0004,
  0.0048,
  0.0025,
  0.0135,
  0.0,
  0.0,
  0.0002,
  0.0,
  0.0003,
  0.0011,
  0.0003,
  0.0005,
  0.0001,
  0.0003,
  0.0,
  0.0,
  0.0,
  0.0001,
  0.0001,
  0.0001,
  0.0002,
  0.0004,
  0.0009,
  0.0014,
  0.0022,
  0.0219,
  0.0025,
  0.011399999999999999,
  0.0,
  0.0004,
  0.0003,
  0.0003,
  0.0,
  0.0007,
  0.0003,
  0.002,
  0.0,
  0.0,
  0.0,
  0.0,
  0.0,
  0.0001,
  0.0,
  0.0,
  0.0,
  0.0001,
  0.0002,
  0.0,
  0.0,
  0.0,
  0.0,
  0.0,
  0.0001,
  0.0002,
  0.0001,
  0.0004,
  0.0003,
  0.0031,
  0.0002,
  0.0019,
  0.0014,
  0.0022,
  0.0017,
  0.0015,
  0.0001,
  0.0027,
  0.0019,
  0.0087,
  0.0,
  0.0,
  0.0,
  0.0,
  0.0,
  0.0,
  0.0,
  0.0,
  0.0,
  0.0001,
  0.0,
  0.0,
  0.0,
  0.0,
  0.0,
  0.0,
  0.0,
  0.0002,
  0.0002,
  0.0002,
  0.0002,
  0.0038,
  0.0005,
  0.0021,
  0.0003,
  0.0004,
  0.0001,
  0.0003,
  0.0,
  0.0004,
  0.0003,
  0.0006,
  0.0,
  0.0,
  0.0,
  0.0,
  0.0,
  0.0001,
  0.0,
  0.0,
  0.0,
  0.0,
  0.0001,
  0.0,
  0.0,
  0.0,
  0.0,
  0.0001,
  0.0001,
  0.0001,
  0.0005,
  0.0002,
  0.0006,
  0.005,
  0.0005,
  0.0038,
  0.0004,
  0.0019,
  0.0007,
  0.0011,
  0.0,
  0.002,
  0.0008,
  0.0053,
  0.0,
  0.0001,
  0.0,
  0.0,
  0.0,
  0.0,
  0.0,
  0.0,
  0.0,
  0.0,
  0.0,
  0.0,
  0.0,
  0.0,
  0.0,
  0.0,
  0.0,
  0.0001,
  0.0003,
  0.0004,
  0.0005,
  0.008,
  0.0006,
  0.0032,
  0.0001,
  0.0002,
  0.0001,
  0.0002,
  0.0001,
  0.0001,
  0.0,
  0.0005,
  0.0,
  0.0,
  0.0001,
  0.0002,
  0.0003,
  0.0004,
  0.0,
  0.0002,
  0.001,
  0.0028,
  0.001,
  0.0014,
  0.0,
  0.0005,
  0.0004,
  0.002,
  0.0,
  0.0,
  0.0002,
  0.0004,
  0.0005,
  0.0033,
  0.0003,
  0.0014,
  0.0011,
  0.0033,
  0.0014,
  0.0025,
  0.0,
  0.0022,
  0.0017,
  0.0115,
  0.0,
  0.0,
  0.0006,
  0.0001,
  0.0002,
  0.0006,
  0.0001,
  0.0004,
  0.0001,
  0.0003,
  0.0001,
  0.0002,
  0.0,
  0.0001,
  0.0,
  0.0002,
  0.0,
  0.0,
  0.0005,
  0.0005,
  0.0002,
  0.0046,
  0.0008,
  0.003,
  0.0001,
  0.0004,
  0.0001,
  0.0002,
  0.0001,
  0.0003,
  0.0002,
  0.0012,
  0.0,
  0.0,
  0.0003,
  0.0004,
  0.0003,
  0.0014,
  0.0001,
  0.0002,
  0.0001,
  0.0012,
  0.0005,
  0.0008,
  0.0,
  0.0006,
  0.0002,
  0.0008,
  0.0001,
  0.0003,
  0.0002,
  0.0008,
  0.0007,
  0.006699999999999999,
  0.0006,
  0.0031,
  0.0006,
  0.0014,
  0.0013,
  0.001,
  0.0001,
  0.0016,
  0.0011,
  0.0058,
  0.0001,
  0.0,
  0.0012,
  0.0006,
  0.0001,
  0.0014,
  0.0004,
  0.0017,
  0.0,
  0.0002,
  0.0,
  0.0001,
  0.0,
  0.0,
  0.0,
  0.0002,
  0.0001,
  0.0005,
  0.0005,
  0.0005,
  0.0005,
  0.0115,
  0.0012,
  0.004900000000000001,
  0.0002,
  0.0001,
  0.0,
  0.0001,
  0.0001,
  0.0001,
  0.0002,
  0.0007,
  0.0,
  0.0,
  0.0001,
  0.0002,
  0.0001,
  0.0004,
  0.0002,
  0.0003,
  0.001,
  0.0023,
  0.001,
  0.0013,
  0.0001,
  0.0005,
  0.0003,
  0.0023,
  0.0,
  0.0001,
  0.0002,
  0.0001,
  0.0,
  0.0022,
  0.0005,
  0.0017,
  0.0007,
  0.0029,
  0.0023,
  0.0017,
  0.0002,
  0.0038,
  0.0018,
  0.0085,
  0.0,
  0.0,
  0.0001,
  0.0001,
  0.0001,
  0.0003,
  0.0,
  0.0005,
  0.0,
  0.0002,
  0.0001,
  0.0001,
  0.0,
  0.0,
  0.0,
  0.0002,
  0.0001,
  0.0002,
  0.0001,
  0.0006,
  0.0001,
  0.0035,
  0.0003,
  0.0014,
  0.0002,
  0.0006,
  0.0002,
  0.0,
  0.0,
  0.0002,
  0.0003,
  0.0011,
  0.0,
  0.0,
  0.0,
  0.0,
  0.0,
  0.0,
  0.0,
  0.0,
  0.0001,
  0.0001,
  0.0,
  0.0,
  0.0,
  0.0,
  0.0001,
  0.0002,
  0.0,
  0.0,
  0.0,
  0.0,
  0.0,
  0.001,
  0.0001,
  0.0007,
  0.0002,
  0.0002,
  0.0,
  0.0004,
  0.0,
  0.0001,
  0.0,
  0.0007,
  0.0,
  0.0,
  0.0001,
  0.0002,
  0.0,
  0.0004,
  0.0,
  0.0001,
  0.0,
  0.0001,
  0.0,
  0.0001,
  0.0,
  0.0,
  0.0,
  0.0,
  0.0,
  0.0,
  0.0002,
  0.0,
  0.0001,
  0.0011,
  0.0002,
  0.0009,
  0.0,
  0.0,
  0.0,
  0.0,
  0.0,
  0.0,
  0.0,
  0.0,
  0.0,
  0.0001,
  0.0,
  0.0,
  0.0,
  0.0007,
  0.0002,
  0.0003,
  0.0007,
  0.0016,
  0.0019,
  0.0014,
  0.0,
  0.0008,
  0.0002,
  0.0029,
  0.0,
  0.0,
  0.0007,
  0.001,
  0.0011,
  0.0074,
  0.0007,
  0.0043,
  0.0021,
  0.005699999999999999,
  0.004,
  0.004,
  0.0006,
  0.0064,
  0.004900000000000001,
  0.018500000000000003,
  0.0,
  0.0001,
  0.0002,
  0.0004,
  0.0001,
  0.0004,
  0.0001,
  0.0003,
  0.0001,
  0.0002,
  0.0003,
  0.0003,
  0.0001,
  0.0001,
  0.0,
  0.0001,
  0.0,
  0.0003,
  0.0005,
  0.0005,
  0.0006,
  0.008,
  0.0003,
  0.0039,
  0.0004,
  0.0007,
  0.0002,
  0.0003,
  0.0002,
  0.0004,
  0.0006,
  0.0015,
  0.0,
  0.0,
  0.0,
  0.0001,
  0.0,
  0.0002,
  0.0,
  0.0,
  0.0,
  0.0002,
  0.0,
  0.0,
  0.0,
  0.0,
  0.0,
  0.0001,
  0.0,
  0.0,
  0.0001,
  0.0,
  0.0004,
  0.0019,
  0.0001,
  0.0013,
  0.0001,
  0.0005,
  0.0003,
  0.0003,
  0.0001,
  0.0005,
  0.0004,
  0.0012,
  0.0,
  0.0,
  0.0001,
  0.0001,
  0.0001,
  0.0001,
  0.0,
  0.0,
  0.0,
  0.0,
  0.0,
  0.0,
  0.0,
  0.0,
  0.0,
  0.0001,
  0.0,
  0.0,
  0.0001,
  0.0002,
  0.0002,
  0.0025,
  0.0,
  0.0008,
  0.0,
  0.0002,
  0.0002,
  0.0,
  0.0,
  0.0,
  0.0,
  0.0001,
  0.0,
  0.0,
  0.0,
  0.0,
  0.0,
  0.0,
  0.0001,
  0.0001,
  0.0001,
  0.0001,
  0.0002,
  0.0002,
  0.0,
  0.0002,
  0.0,
  0.0001,
  0.0,
  0.0,
  0.0006,
  0.0004,
  0.0005,
  0.0073,
  0.0009,
  0.0026,
  0.0023,
  0.004900000000000001,
  0.0025,
  0.0048,
  0.0005,
  0.005900000000000001,
  0.0036,
  0.014499999999999999,
  0.0,
  0.0,
  0.0,
  0.0,
  0.0,
  0.0001,
  0.0,
  0.0001,
  0.0,
  0.0,
  0.0,
  0.0,
  0.0,
  0.0,
  0.0,
  0.0001,
  0.0001,
  0.0002,
  0.0006,
  0.0002,
  0.0011,
  0.0072,
  0.0008,
  0.0043,
  0.0004,
  0.0004,
  0.0003,
  0.0001,
  0.0,
  0.0009,
  0.0,
  0.0019,
  0.0,
  0.0,
  0.0001,
  0.0001,
  0.0,
  0.0003,
  0.0,
  0.0001,
  0.0,
  0.0002,
  0.0001,
  0.0001,
  0.0,
  0.0001,
  0.0,
  0.0001,
  0.0,
  0.0002,
  0.0012,
  0.0014,
  0.0013,
  0.0141,
  0.0008,
  0.0073,
  0.001,
  0.0036,
  0.0031,
  0.0028,
  0.0001,
