{
 "var": [
  0,
  1,
  3,
  4,
  6,
  7,
  8,
  9
 ],
 "card": [
  2,
  2,
  2,
  2,
  2,
  2,
  2,
  2
 ],
 "val": [
  0.0,
  0.000981040646297686,
  0.00010219173398934235,
  0.00016350677438294766,
  1.8580315270789518e-05,
  8.918551329978967e-05,
  1.8580315270789518e-05,
  8.918551329978971e-05,
  0.0005109586699467117,
  0.003270135487658954,
  0.00030657520196802695,
  0.0011445474206806339,
  0.0,
  0.00026755653989936904,
  0.00013006220689552666,
  0.0008026696196981072,
  0.0010219173398934233,
  0.006703777749700857,
  0.0005109586699467117,
  0.0021255880669783208,
  0.0,
  8.918551329978968e-05,
  0.0001300622068955266,
  0.00026755653989936904,
  0.0035767106896269817,
  0.03842409197999271,
  0.0032701354876589553,
  0.015533143566380036,
  9.290157635394758e-05,
  0.0009810406462976865,
  0.0006874716650192122,
  0.003299863992092219,
  0.0002043834679786847,
  0.0017985745182124248,
  0.0,
  0.0004905203231488431,
  0.0,
  5.945700886652646e-05,
  1.8580315270789518e-05,
  0.00014864252216631617,
  0.0007153421379253963,
  0.00784832517038149,
  0.0011241090738827657,
  0.00425117613395664,
  1.8580315270789518e-05,
  0.000654027097531791,
  0.00037160630541579017,
  0.0019026242837288467,
  0.00030657520196802706,
  0.007357804847232649,
  0.0007153421379253964,
  0.0037606558108077984,
  1.8580315270789518e-05,
  0.00017837102659957934,
  0.0001300622068955266,
  0.0005053845753654749,
  0.006846846177285936,
  0.0804453329964103,
  0.008992872591062125,
  0.04022266649820515,
  0.00018580315270789514,
  0.002021538301461899,
  0.0013749433300384243,
  0.005410587806853907,
  0.0,
  0.00016350677438294772,
  0.0,
  0.0,
  0.0,
  0.0,
  0.0,
  2.9728504433263237e-05,
  0.0014306842758507925,
  0.010464433560508654,
  0.0014306842758507925,
  0.0076848183959985425,
  0.00016722283743710557,
  0.0008323981241313703,
  0.0008732748177271071,
  0.0033593210009587454,
  0.0,
  0.000654027097531791,
  0.0,
  0.00016350677438294774,
  0.0,
  0.0,
  0.0,
  0.0,
  0.0026569850837229003,
  0.026651604224420474,
  0.00306575201968027,
  0.013080541950635816,
  0.0001486425221663161,
  0.0005945700886652643,
  0.0004645078817697379,
  0.002170180823628216,
  0.00020438346797868468,
  0.002452601615744216,
  0.00020438346797868468,
  0.0014715609694465296,
  1.8580315270789518e-05,
  0.00011891401773305291,
  0.00014864252216631614,
  0.0009215836374311604,
  0.00132849254186145,
  0.015533143566380032,
  0.0017372594778188196,
  0.00931988613982802,
  0.00018580315270789517,
  0.001575610734962951,
  0.0011333992315181605,
  0.00395389108962401,
  0.000613150403936054,
  0.005886243877786119,
  0.000919725605904081,
  0.0032701354876589553,
  1.8580315270789518e-05,
  0.00020809953103284256,
  9.290157635394757e-05,
  0.0005648415842320015,
  0.0028613685517015854,
  0.032374341327823644,
  0.0037810941576056664,
  0.016677690987060664,
  3.7160630541579036e-05,
  0.0009810406462976862,
  0.0007432126108315807,
  0.0021107238147616892,
  0.00020438346797868468,
  0.00212558806697832,
  0.0002043834679786847,
  0.0016350677438294768,
  0.0,
  0.00014864252216631614,
  0.0001300622068955266,
  0.0008026696196981075,
  0.001226300807872108,
  0.011935994529955182,
  0.0017372594778188193,
  0.006703777749700856,
  0.00013006220689552658,
  0.0014864252216631613,
  0.0006874716650192123,
  0.004013348098490536,
  0.00010219173398934234,
  0.000654027097531791,
  0.0,
  0.000654027097531791,
  0.0,
  0.0,
  5.574094581236855e-05,
  0.00011891401773305292,
  0.00040876693595736936,
  0.0022890948413612677,
  0.00030657520196802706,
  0.001635067743829477,
  0.0,
  0.00017837102659957931,
  5.574094581236855e-05,
  0.0002972850443326323,
  0.0006131504039360541,
  0.0017985745182124248,
  0.0005109586699467118,
  0.0008175338719147385,
  0.0,
  0.0002080995310328426,
  0.00024154409852026373,
  0.00044592756649894854,
  0.003167943753669612,
  0.023381468736761522,
  0.003474518955637639,
  0.012917035176252869,
  0.00024154409852026373,
  0.00276475091229348,
  0.0019880937339744774,
  0.008026696196981072,
  0.00010219173398934234,
  0.0008175338719147387,
  0.00020438346797868468,
  0.0003270135487658955,
  0.0,
  0.0,
  1.8580315270789518e-05,
  5.945700886652647e-05,
  0.0005109586699467117,
  0.007521311621615595,
  0.000613150403936054,
  0.0045781896827225355,
  0.0,
  0.0003270135487658955,
  0.0003344456748742113,
  0.00047565607093221174,
  0.0,
  0.00016350677438294772,
  0.0,
  0.0,
  0.0,
  0.0,
  1.8580315270789518e-05,
  5.945700886652647e-05,
  0.0015328760098401349,
  0.02550705680373984,
  0.0037810941576056655,
  0.013898075822550553,
  0.00031586535960342166,
  0.002794479416726743,
  0.001783710265995793,
  0.007342940595016018,
  0.00010219173398934235,
  0.0004905203231488433,
  0.00010219173398934234,
  0.00032701354876589554,
  0.0,
  2.972850443326323e-05,
  3.7160630541579036e-05,
  2.9728504433263234e-05,
  0.007766571783190018,
  0.06049750652169066,
  0.007153421379253963,
  0.030085246486462384,
  0.00011148189162473707,
  0.0013377826994968448,
  0.001077658285705792,
  0.0046971037004555904,
  0.00030657520196802706,
  0.007521311621615596,
  0.000613150403936054,
  0.003270135487658955,
  7.432126108315807e-05,
  0.0005648415842320014,
  0.0003344456748742113,
  0.0017539817615625306,
  0.0031679437536696114,
  0.03417291584603607,
  0.00347451895563764,
  0.015206130017614138,
  0.00024154409852026367,
  0.0026755653989936905,
  0.0020252543645160573,
  0.009394207400911181,
  0.002350409881754874,
  0.018149251956507205,
  0.0021460264137761888,
  0.007030791298466755,
  0.0,
  0.0006540270975317911,
  0.00020438346797868462,
  0.0011891401773305294,
  0.007766571783190018,
  0.07897377202696375,
  0.011343282472816999,
  0.038914612303141555,
  0.0001114818916247371,
  0.002080995310328425,
  0.0013749433300384243,
  0.005232216780254329
 ]
}