{
 "nodes": [
  0,
  1,
  2,
  3,
  4
 ],
 "edges": [
  [
   0,
   2
  ],
  [
   1,
   2
  ],
  [
   2,
   3
  ],
  [
   1,
   4
  ]
 ],
 "proposal-factors": {
  "0": {
   "var": [
    0,
    1,
    2,
    3,
    4
   ],
   "card": [
    2,
    2,
    3,
    2,
    2
   ],
   "val": [
    0.33333333333333337,
    0.6666666666666667,
    0.13043478260869565,
    0.8695652173913043,
    0.8823529411764706,
    0.1176470588235294,
    0.5555555555555556,
    0.4444444444444445,
    0.9574468085106382,
    0.04255319148936171,
    0.8400000000000001,
    0.16,
    0.3333333333333333,
    0.6666666666666666,
    0.13043478260869565,
    0.8695652173913043,
    0.8823529411764706,
    0.1176470588235294,
    0.5555555555555556,
    0.4444444444444445,
    0.9574468085106383,
    0.0425531914893617,
    0.84,
    0.15999999999999998,
    0.3333333333333333,
    0.6666666666666666,
    0.13043478260869565,
    0.8695652173913043,
    0.8823529411764706,
    0.11764705882352941,
    0.5555555555555556,
    0.4444444444444445,
    0.9574468085106383,
    0.0425531914893617,
    0.8400000000000001,
    0.16,
    0.33333333333333337,
    0.6666666666666667,
    0.13043478260869565,
    0.8695652173913043,
    0.8823529411764706,
    0.11764705882352941,
    0.5555555555555556,
    0.4444444444444445,
    0.9574468085106383,
    0.04255319148936171,
    0.84,
    0.15999999999999998
   ]
  },
  "1": {
   "var": [
    0,
    1,
    2,
    3,
    4
   ],
   "card": [
    2,
    2,
    3,
    2,
    2
   ],
   "val": [
    0.9851851851851852,
    0.9522673031026253,
    0.014814814814814817,
    0.04773269689737471,
    0.9466192170818505,
    0.747191011235955,
    0.053380782918149454,
    0.25280898876404495,
    0.8260869565217391,
    0.525691699604743,
    0.1739130434782609,
    0.47430830039525684,
    0.9851851851851852,
    0.9522673031026253,
    0.014814814814814815,
    0.04773269689737471,
    0.9466192170818505,
    0.747191011235955,
    0.05338078291814947,
    0.25280898876404495,
    0.8260869565217391,
    0.5256916996047432,
    0.17391304347826086,
    0.47430830039525695,
    0.4666666666666667,
    0.2079207920792079,
    0.5333333333333333,
    0.7920792079207921,
    0.1891891891891892,
    0.0374331550802139,
    0.8108108108108107,
    0.9625668449197861,
    0.058823529411764705,
    0.014373716632443531,
    0.9411764705882353,
    0.9856262833675564,
    0.4666666666666667,
    0.2079207920792079,
    0.5333333333333332,
    0.792079207920792,
    0.1891891891891892,
    0.0374331550802139,
    0.8108108108108109,
    0.9625668449197862,
    0.05882352941176471,
    0.014373716632443531,
    0.9411764705882354,
    0.9856262833675564
   ]
  },
  "2": {
   "var": [
    0,
    1,
    2,
    3,
    4
   ],
   "card": [
    2,
    2,
    3,
    2,
    2
   ],
   "val": [
    0.061601642710472276,
    0.6346967559943582,
    0.006265664160401003,
    0.13586956521739132,
    0.3285420944558522,
    0.22566995768688292,
    0.12531328320802004,
    0.3260869565217392,
    0.6098562628336756,
    0.13963328631875882,
    0.868421052631579,
    0.5380434782608696,
    0.5263157894736842,
    0.9438359356793288,
    0.22277227722772278,
    0.7120253164556962,
    0.4678362573099415,
    0.055931018410626886,
    0.7425742574257427,
    0.28481012658227844,
    0.005847953216374269,
    0.00023304591004427873,
    0.034653465346534656,
    0.0031645569620253164,
    0.06160164271047228,
    0.6346967559943582,
    0.006265664160401003,
    0.13586956521739132,
    0.3285420944558522,
    0.22566995768688292,
    0.12531328320802004,
    0.3260869565217392,
    0.6098562628336756,
    0.1396332863187588,
    0.868421052631579,
    0.5380434782608696,
    0.5263157894736842,
    0.9438359356793288,
    0.22277227722772278,
    0.7120253164556962,
    0.4678362573099415,
    0.05593101841062688,
    0.7425742574257427,
    0.28481012658227844,
    0.005847953216374269,
    0.0002330459100442787,
    0.034653465346534656,
    0.0031645569620253164
   ]
  },
  "3": {
   "var": [
    0,
    1,
    2,
    3,
    4
   ],
   "card": [
    2,
    2,
    3,
    2,
    2
   ],
   "val": [
    0.1,
    0.1,
    0.1,
    0.1,
    0.4,
    0.4,
    0.39999999999999997,
    0.4,
    0.99,
    0.99,
    0.9900000000000001,
    0.99,
    0.9,
    0.9,
    0.9,
    0.9,
    0.5999999999999999,
    0.5999999999999999,
    0.6,
    0.6,
    0.01,
    0.01,
    0.01,
    0.009999999999999998,
    0.09999999999999999,
    0.09999999999999999,
    0.1,
    0.1,
    0.4,
    0.4000000000000001,
    0.39999999999999997,
    0.4,
    0.9900000000000001,
    0.99,
    0.9900000000000001,
    0.99,
    0.8999999999999999,
    0.8999999999999999,
    0.9,
    0.9,
    0.6,
    0.6,
    0.6,
    0.6,
    0.01,
    0.01,
    0.01,
    0.009999999999999998
   ]
  },
  "4": {
   "var": [
    0,
    1,
    2,
    3,
    4
   ],
   "card": [
    2,
    2,
    3,
    2,
    2
   ],
   "val": [
    0.95,
    0.95,
    0.19999999999999998,
    0.2,
    0.95,
    0.95,
    0.2,
    0.19999999999999998,
    0.95,
    0.95,
    0.2,
    0.2,
    0.9500000000000001,
    0.9500000000000001,
    0.2,
    0.19999999999999998,
    0.95,
    0.95,
    0.19999999999999998,
    0.19999999999999998,
    0.9500000000000001,
    0.95,
    0.19999999999999998,
    0.2,
    0.05,
    0.05,
    0.7999999999999999,
    0.8,
    0.05,
    0.05,
    0.8,
    0.7999999999999999,
    0.05,
    0.05,
    0.8,
    0.8,
    0.05000000000000001,
    0.05000000000000001,
    0.8,
    0.7999999999999999,
    0.05,
    0.05,
    0.7999999999999999,
    0.7999999999999999,
    0.05000000000000001,
    0.05,
    0.7999999999999999,
    0.8
   ]
  }
 },
 "evidence": {},
 "initial-samples": {
  "0": 0,
  "1": 0,
  "2": 0,
  "3": 0,
  "4": 0
 },
 "num-iterations": 10000,
 "num-burn-in": 1000
}