{
 "var": [
  0,
  1,
  2,
  3,
  4
 ],
 "card": [
  2,
  2,
  3,
  2,
  2
 ],
 "val": [
  0.012888888888888889,
  0.026444444444444444,
  0.00022222222222222223,
  0.001,
  0.06522222222222222,
  0.008555555555555556,
  0.004333333333333333,
  0.0024444444444444444,
  0.12811111111111112,
  0.005,
  0.024,
  0.005555555555555556,
  0.10977777777777778,
  0.21055555555555555,
  0.001,
  0.009888888888888888,
  0.09744444444444444,
  0.012444444444444444,
  0.005,
  0.004,
  0.0016666666666666668,
  0.0,
  0.0005555555555555556,
  0.00022222222222222223,
  0.0008888888888888889,
  0.0012222222222222222,
  0.0003333333333333333,
  0.004888888888888889,
  0.003111111111111111,
  0.0005555555555555556,
  0.014555555555555556,
  0.012555555555555556,
  0.007333333333333333,
  0.00011111111111111112,
  0.09477777777777778,
  0.019333333333333334,
  0.004888888888888889,
  0.010222222222222223,
  0.006222222222222222,
  0.03877777777777778,
  0.005222222222222222,
  0.00044444444444444447,
  0.019777777777777776,
  0.017,
  0.0,
  0.0,
  0.0012222222222222222,
  0.00022222222222222223
 ]
}