{
 "var": [
  0,
  1,
  3,
  4
 ],
 "card": [
  2,
  2,
  2,
  2
 ],
 "val": [
  0.22833333333333333,
  0.03111111111111111,
  0.01211111111111111,
  0.008444444444444444,
  0.3416666666666667,
  0.04566666666666667,
  0.024555555555555556,
  0.01611111111111111,
  0.013222222222222222,
  0.0022222222222222222,
  0.05577777777777778,
  0.04711111111111111,
  0.020555555555555556,
  0.003777777777777778,
  0.08322222222222223,
  0.0661111111111111
 ]
}